{"cameraMode":{"drawMode":0,"name":"Shaded","section":"Shading Mode"},"sceneLighting":true,"audioPlay":false,"sceneViewState":{"m_AlwaysRefresh":false,"showFog":true,"showSkybox":true,"showFlares":true,"showImageEffects":true,"showParticleSystems":true,"showVisualEffectGraphs":true,"m_FxEnabled":true},"in2DMode":false,"pivot":{"x":1.4198870658874512,"y":4.004220962524414,"z":2.500161647796631},"rotation":{"x":0.15981842577457429,"y":0.13311786949634553,"z":0.021755827590823175,"w":-0.9778879880905151},"size":1.481594204902649,"orthographic":true}